F,C,IV,V
62,16.66666667,0.132,0.106
57,13.88888889,0.11,0.092
52,11.11111111,0.103,0.086
47,8.333333333,0.093,0.076
42,5.555555556,0.1,0.078
37,2.777777778,0.109,0.087
32,0,0.126,0.102
27,-2.777777778,0.087,0.094
22,-5.555555556,0.055,0.074
17,-8.333333333,0.036,0.055
12,-11.11111111,0.026,0.047
7,-13.88888889,0.013,0.038
2,-16.66666667,0.006,0.029
-3,-19.44444444,0.002,0.018
-8,-22.22222222,0.001,0.01
-13,-25,0,0.005
-18,-27.77777778,0,0.002
-23,-30.55555556,0,0.001
