Year,Carbon Tax ($/tonne),Carbon Charge Natural Gas ($/m3)
2022,50,0.097875
2023,65,0.1272375
2024,80,0.1566
2025,95,0.1859625
2026,110,0.215325
2027,125,0.2446875
2028,140,0.27405
2029,155,0.3034125
2030,170,0.332775
2031,185,0.36223
2032,200,0.3916
2033,215,0.42097
2034,230,0.45034
2035,245,0.47971
2036,260,0.50908
